strike,option,token,expiry
-1,UT,37054,2025-11-25
-1,UT,52168,2025-10-28
-1,UT,53001,2025-09-30
0,50,99926000,2025-09-23
17000,CE,64678,2025-09-30
17000,PE,64679,2025-09-30
18000,CE,64680,2025-09-30
18000,PE,64681,2025-09-30
19000,CE,64682,2025-09-30
19000,PE,64683,2025-09-30
20000,CE,64684,2025-09-30
20000,PE,64685,2025-09-30
21000,CE,64686,2025-09-30
21000,PE,64687,2025-09-30
22000,CE,64688,2025-09-30
22000,PE,64689,2025-09-30
22600,CE,58692,2025-10-28
22600,CE,60301,2025-09-30
22600,PE,58696,2025-10-28
22600,PE,60302,2025-09-30
22650,CE,58697,2025-10-28
22650,CE,60303,2025-09-30
22650,PE,58698,2025-10-28
22650,PE,60304,2025-09-30
22700,CE,47474,2025-09-23
22700,CE,52435,2025-11-25
22700,CE,58699,2025-10-28
22700,CE,60305,2025-09-30
22700,PE,47475,2025-09-23
22700,PE,52436,2025-11-25
22700,PE,58700,2025-10-28
22700,PE,60306,2025-09-30
22750,CE,47476,2025-09-23
22750,CE,52437,2025-11-25
22750,CE,58701,2025-10-28
22750,CE,60307,2025-09-30
22750,PE,47478,2025-09-23
22750,PE,52438,2025-11-25
22750,PE,58708,2025-10-28
22750,PE,60308,2025-09-30
22800,CE,47483,2025-09-23
22800,CE,52447,2025-11-25
22800,CE,58709,2025-10-28
22800,CE,60309,2025-09-30
22800,PE,47489,2025-09-23
22800,PE,52450,2025-11-25
22800,PE,58712,2025-10-28
22800,PE,60310,2025-09-30
22850,CE,38201,2025-10-07
22850,CE,47490,2025-09-23
22850,CE,52451,2025-11-25
22850,CE,58713,2025-10-28
22850,CE,60311,2025-09-30
22850,PE,38202,2025-10-07
22850,PE,47491,2025-09-23
22850,PE,52452,2025-11-25
22850,PE,58714,2025-10-28
22850,PE,60312,2025-09-30
22900,CE,38203,2025-10-07
22900,CE,47492,2025-09-23
22900,CE,52467,2025-11-25
22900,CE,58715,2025-10-28
22900,CE,60313,2025-09-30
22900,PE,38204,2025-10-07
22900,PE,47493,2025-09-23
22900,PE,52468,2025-11-25
22900,PE,58717,2025-10-28
22900,PE,60314,2025-09-30
22950,CE,38211,2025-10-07
22950,CE,47494,2025-09-23
22950,CE,52469,2025-11-25
22950,CE,58718,2025-10-28
22950,CE,60315,2025-09-30
22950,PE,38212,2025-10-07
22950,PE,47495,2025-09-23
22950,PE,52472,2025-11-25
22950,PE,58719,2025-10-28
22950,PE,60316,2025-09-30
23000,CE,38213,2025-10-07
23000,CE,47500,2025-09-23
23000,CE,52473,2025-11-25
23000,CE,58722,2025-10-28
23000,CE,64690,2025-09-30
23000,PE,38214,2025-10-07
23000,PE,47504,2025-09-23
23000,PE,52477,2025-11-25
23000,PE,58723,2025-10-28
23000,PE,64691,2025-09-30
23050,CE,38215,2025-10-07
23050,CE,47507,2025-09-23
23050,CE,52478,2025-11-25
23050,CE,58724,2025-10-28
23050,CE,60317,2025-09-30
23050,PE,38217,2025-10-07
23050,PE,47509,2025-09-23
23050,PE,52479,2025-11-25
23050,PE,58726,2025-10-28
23050,PE,60318,2025-09-30
23100,CE,38221,2025-10-07
23100,CE,42547,2025-10-14
23100,CE,47516,2025-09-23
23100,CE,52480,2025-11-25
23100,CE,58727,2025-10-28
23100,CE,60319,2025-09-30
23100,PE,38222,2025-10-07
23100,PE,42549,2025-10-14
23100,PE,47517,2025-09-23
23100,PE,52481,2025-11-25
23100,PE,58731,2025-10-28
23100,PE,60320,2025-09-30
23150,CE,38223,2025-10-07
23150,CE,42550,2025-10-14
23150,CE,47518,2025-09-23
23150,CE,52528,2025-11-25
23150,CE,58732,2025-10-28
23150,CE,60321,2025-09-30
23150,PE,38224,2025-10-07
23150,PE,42553,2025-10-14
23150,PE,47519,2025-09-23
23150,PE,52529,2025-11-25
23150,PE,58733,2025-10-28
23150,PE,60322,2025-09-30
23200,CE,38231,2025-10-07
23200,CE,42554,2025-10-14
23200,CE,47520,2025-09-23
23200,CE,52530,2025-11-25
23200,CE,58734,2025-10-28
23200,CE,60323,2025-09-30
23200,PE,38232,2025-10-07
23200,PE,42557,2025-10-14
23200,PE,47522,2025-09-23
23200,PE,52535,2025-11-25
23200,PE,58735,2025-10-28
23200,PE,60324,2025-09-30
23250,CE,38233,2025-10-07
23250,CE,42558,2025-10-14
23250,CE,47523,2025-09-23
23250,CE,52536,2025-11-25
23250,CE,58736,2025-10-28
23250,CE,60325,2025-09-30
23250,PE,38234,2025-10-07
23250,PE,42564,2025-10-14
23250,PE,47525,2025-09-23
23250,PE,52537,2025-11-25
23250,PE,58737,2025-10-28
23250,PE,60326,2025-09-30
23300,CE,38235,2025-10-07
23300,CE,42565,2025-10-14
23300,CE,47528,2025-09-23
23300,CE,52540,2025-11-25
23300,CE,58738,2025-10-28
23300,CE,60327,2025-09-30
23300,PE,38236,2025-10-07
23300,PE,42574,2025-10-14
23300,PE,47529,2025-09-23
23300,PE,52541,2025-11-25
23300,PE,58739,2025-10-28
23300,PE,60328,2025-09-30
23350,CE,38237,2025-10-07
23350,CE,42575,2025-10-14
23350,CE,47530,2025-09-23
23350,CE,52546,2025-11-25
23350,CE,58740,2025-10-28
23350,CE,60331,2025-09-30
23350,PE,38238,2025-10-07
23350,PE,42576,2025-10-14
23350,PE,47531,2025-09-23
23350,PE,52547,2025-11-25
23350,PE,58741,2025-10-28
23350,PE,60332,2025-09-30
23400,CE,38241,2025-10-07
23400,CE,42577,2025-10-14
23400,CE,47532,2025-09-23
23400,CE,52550,2025-11-25
23400,CE,58742,2025-10-28
23400,CE,60333,2025-09-30
23400,PE,38242,2025-10-07
23400,PE,42582,2025-10-14
23400,PE,47533,2025-09-23
23400,PE,52551,2025-11-25
23400,PE,58743,2025-10-28
23400,PE,60334,2025-09-30
23450,CE,38243,2025-10-07
23450,CE,42583,2025-10-14
23450,CE,47534,2025-09-23
23450,CE,52564,2025-11-25
23450,CE,58744,2025-10-28
23450,CE,60335,2025-09-30
23450,PE,38244,2025-10-07
23450,PE,42584,2025-10-14
23450,PE,47535,2025-09-23
23450,PE,52565,2025-11-25
23450,PE,58745,2025-10-28
23450,PE,60336,2025-09-30
23500,CE,38247,2025-10-07
23500,CE,42585,2025-10-14
23500,CE,45176,2025-10-20
23500,CE,47536,2025-09-23
23500,CE,52582,2025-11-25
23500,CE,58746,2025-10-28
23500,CE,60337,2025-09-30
23500,PE,38248,2025-10-07
23500,PE,42586,2025-10-14
23500,PE,45177,2025-10-20
23500,PE,47537,2025-09-23
23500,PE,52583,2025-11-25
23500,PE,58747,2025-10-28
23500,PE,60338,2025-09-30
23550,CE,38253,2025-10-07
23550,CE,42587,2025-10-14
23550,CE,45178,2025-10-20
23550,CE,47545,2025-09-23
23550,CE,52602,2025-11-25
23550,CE,58748,2025-10-28
23550,CE,60339,2025-09-30
23550,PE,38254,2025-10-07
23550,PE,42588,2025-10-14
23550,PE,45179,2025-10-20
23550,PE,47546,2025-09-23
23550,PE,52603,2025-11-25
23550,PE,58749,2025-10-28
23550,PE,60340,2025-09-30
23600,CE,38261,2025-10-07
23600,CE,42589,2025-10-14
23600,CE,45180,2025-10-20
23600,CE,47548,2025-09-23
23600,CE,52608,2025-11-25
23600,CE,58750,2025-10-28
23600,CE,60341,2025-09-30
23600,PE,38262,2025-10-07
23600,PE,42590,2025-10-14
23600,PE,45181,2025-10-20
23600,PE,47549,2025-09-23
23600,PE,52609,2025-11-25
23600,PE,58753,2025-10-28
23600,PE,60342,2025-09-30
23650,CE,38265,2025-10-07
23650,CE,42591,2025-10-14
23650,CE,45182,2025-10-20
23650,CE,47550,2025-09-23
23650,CE,52610,2025-11-25
23650,CE,58754,2025-10-28
23650,CE,60345,2025-09-30
23650,PE,38266,2025-10-07
23650,PE,42594,2025-10-14
23650,PE,45183,2025-10-20
23650,PE,47551,2025-09-23
23650,PE,52613,2025-11-25
23650,PE,58755,2025-10-28
23650,PE,60346,2025-09-30
23700,CE,38267,2025-10-07
23700,CE,42595,2025-10-14
23700,CE,45187,2025-10-20
23700,CE,47554,2025-09-23
23700,CE,52616,2025-11-25
23700,CE,58756,2025-10-28
23700,CE,60347,2025-09-30
23700,PE,38268,2025-10-07
23700,PE,42596,2025-10-14
23700,PE,45188,2025-10-20
23700,PE,47555,2025-09-23
23700,PE,52617,2025-11-25
23700,PE,58757,2025-10-28
23700,PE,60348,2025-09-30
23750,CE,38269,2025-10-07
23750,CE,42597,2025-10-14
23750,CE,45189,2025-10-20
23750,CE,47556,2025-09-23
23750,CE,52618,2025-11-25
23750,CE,58758,2025-10-28
23750,CE,60350,2025-09-30
23750,PE,38270,2025-10-07
23750,PE,42600,2025-10-14
23750,PE,45190,2025-10-20
23750,PE,47557,2025-09-23
23750,PE,52619,2025-11-25
23750,PE,58759,2025-10-28
23750,PE,60351,2025-09-30
23800,CE,38273,2025-10-07
23800,CE,42601,2025-10-14
23800,CE,45192,2025-10-20
23800,CE,47558,2025-09-23
23800,CE,52626,2025-11-25
23800,CE,58760,2025-10-28
23800,CE,60353,2025-09-30
23800,PE,38274,2025-10-07
23800,PE,42602,2025-10-14
23800,PE,45193,2025-10-20
23800,PE,47559,2025-09-23
23800,PE,52627,2025-11-25
23800,PE,58761,2025-10-28
23800,PE,60356,2025-09-30
23850,CE,38275,2025-10-07
23850,CE,42603,2025-10-14
23850,CE,45194,2025-10-20
23850,CE,47560,2025-09-23
23850,CE,52628,2025-11-25
23850,CE,58762,2025-10-28
23850,CE,60357,2025-09-30
23850,PE,38276,2025-10-07
23850,PE,42604,2025-10-14
23850,PE,45195,2025-10-20
23850,PE,47561,2025-09-23
23850,PE,52629,2025-11-25
23850,PE,58763,2025-10-28
23850,PE,60358,2025-09-30
23900,CE,38279,2025-10-07
23900,CE,42605,2025-10-14
23900,CE,45198,2025-10-20
23900,CE,47566,2025-09-23
23900,CE,52630,2025-11-25
23900,CE,58764,2025-10-28
23900,CE,60359,2025-09-30
23900,PE,38280,2025-10-07
23900,PE,42606,2025-10-14
23900,PE,45199,2025-10-20
23900,PE,47567,2025-09-23
23900,PE,52639,2025-11-25
23900,PE,58765,2025-10-28
23900,PE,60362,2025-09-30
23950,CE,38281,2025-10-07
23950,CE,42607,2025-10-14
23950,CE,45200,2025-10-20
23950,CE,47568,2025-09-23
23950,CE,52645,2025-11-25
23950,CE,58766,2025-10-28
23950,CE,60363,2025-09-30
23950,PE,38282,2025-10-07
23950,PE,42608,2025-10-14
23950,PE,45201,2025-10-20
23950,PE,47569,2025-09-23
23950,PE,52646,2025-11-25
23950,PE,58767,2025-10-28
23950,PE,60372,2025-09-30
24000,CE,38283,2025-10-07
24000,CE,42609,2025-10-14
24000,CE,45202,2025-10-20
24000,CE,47570,2025-09-23
24000,CE,52650,2025-11-25
24000,CE,58768,2025-10-28
24000,CE,64692,2025-09-30
24000,PE,38284,2025-10-07
24000,PE,42612,2025-10-14
24000,PE,45203,2025-10-20
24000,PE,47571,2025-09-23
24000,PE,52651,2025-11-25
24000,PE,58769,2025-10-28
24000,PE,64693,2025-09-30
24050,CE,38285,2025-10-07
24050,CE,42613,2025-10-14
24050,CE,45204,2025-10-20
24050,CE,47572,2025-09-23
24050,CE,52656,2025-11-25
24050,CE,58770,2025-10-28
24050,CE,60373,2025-09-30
24050,PE,38286,2025-10-07
24050,PE,42614,2025-10-14
24050,PE,45205,2025-10-20
24050,PE,47573,2025-09-23
24050,PE,52657,2025-11-25
24050,PE,58771,2025-10-28
24050,PE,60374,2025-09-30
24100,CE,38287,2025-10-07
24100,CE,42615,2025-10-14
24100,CE,45206,2025-10-20
24100,CE,47578,2025-09-23
24100,CE,52664,2025-11-25
24100,CE,58772,2025-10-28
24100,CE,60377,2025-09-30
24100,PE,38288,2025-10-07
24100,PE,42616,2025-10-14
24100,PE,45207,2025-10-20
24100,PE,47579,2025-09-23
24100,PE,52665,2025-11-25
24100,PE,58773,2025-10-28
24100,PE,60381,2025-09-30
24150,CE,38307,2025-10-07
24150,CE,42617,2025-10-14
24150,CE,45208,2025-10-20
24150,CE,47580,2025-09-23
24150,CE,52666,2025-11-25
24150,CE,58774,2025-10-28
24150,CE,60382,2025-09-30
24150,PE,38308,2025-10-07
24150,PE,42620,2025-10-14
24150,PE,45209,2025-10-20
24150,PE,47581,2025-09-23
24150,PE,52667,2025-11-25
24150,PE,58775,2025-10-28
24150,PE,60383,2025-09-30
24200,CE,38309,2025-10-07
24200,CE,42622,2025-10-14
24200,CE,45210,2025-10-20
24200,CE,47586,2025-09-23
24200,CE,52680,2025-11-25
24200,CE,58776,2025-10-28
24200,CE,60384,2025-09-30
24200,PE,38318,2025-10-07
24200,PE,42626,2025-10-14
24200,PE,45211,2025-10-20
24200,PE,47589,2025-09-23
24200,PE,52692,2025-11-25
24200,PE,58777,2025-10-28
24200,PE,60390,2025-09-30
24250,CE,38319,2025-10-07
24250,CE,42627,2025-10-14
24250,CE,45212,2025-10-20
24250,CE,47592,2025-09-23
24250,CE,52693,2025-11-25
24250,CE,58778,2025-10-28
24250,CE,60391,2025-09-30
24250,PE,38320,2025-10-07
24250,PE,42628,2025-10-14
24250,PE,45213,2025-10-20
24250,PE,47595,2025-09-23
24250,PE,52696,2025-11-25
24250,PE,58779,2025-10-28
24250,PE,60392,2025-09-30
24300,CE,38321,2025-10-07
24300,CE,42629,2025-10-14
24300,CE,45214,2025-10-20
24300,CE,47598,2025-09-23
24300,CE,52697,2025-11-25
24300,CE,58780,2025-10-28
24300,CE,60398,2025-09-30
24300,PE,38322,2025-10-07
24300,PE,42630,2025-10-14
24300,PE,45215,2025-10-20
24300,PE,47599,2025-09-23
24300,PE,52708,2025-11-25
24300,PE,58781,2025-10-28
24300,PE,60401,2025-09-30
24350,CE,38323,2025-10-07
24350,CE,42631,2025-10-14
24350,CE,45216,2025-10-20
24350,CE,47606,2025-09-23
24350,CE,52709,2025-11-25
24350,CE,58782,2025-10-28
24350,CE,60402,2025-09-30
24350,PE,38324,2025-10-07
24350,PE,42632,2025-10-14
24350,PE,45217,2025-10-20
24350,PE,47607,2025-09-23
24350,PE,52710,2025-11-25
24350,PE,58783,2025-10-28
24350,PE,60406,2025-09-30
24400,CE,38325,2025-10-07
24400,CE,42633,2025-10-14
24400,CE,45218,2025-10-20
24400,CE,47608,2025-09-23
24400,CE,52711,2025-11-25
24400,CE,58784,2025-10-28
24400,CE,60427,2025-09-30
24400,PE,38326,2025-10-07
24400,PE,42640,2025-10-14
24400,PE,45222,2025-10-20
24400,PE,47609,2025-09-23
24400,PE,52720,2025-11-25
24400,PE,58785,2025-10-28
24400,PE,60440,2025-09-30
24450,CE,38341,2025-10-07
24450,CE,42641,2025-10-14
24450,CE,45223,2025-10-20
24450,CE,47610,2025-09-23
24450,CE,52721,2025-11-25
24450,CE,58786,2025-10-28
24450,CE,60441,2025-09-30
24450,PE,38342,2025-10-07
24450,PE,42644,2025-10-14
24450,PE,45224,2025-10-20
24450,PE,47611,2025-09-23
24450,PE,52722,2025-11-25
24450,PE,58787,2025-10-28
24450,PE,60442,2025-09-30
24500,CE,38347,2025-10-07
24500,CE,42645,2025-10-14
24500,CE,45225,2025-10-20
24500,CE,47620,2025-09-23
24500,CE,52725,2025-11-25
24500,CE,58792,2025-10-28
24500,CE,60443,2025-09-30
24500,PE,38348,2025-10-07
24500,PE,42646,2025-10-14
24500,PE,45226,2025-10-20
24500,PE,47621,2025-09-23
24500,PE,52730,2025-11-25
24500,PE,58793,2025-10-28
24500,PE,60450,2025-09-30
24550,CE,38351,2025-10-07
24550,CE,42647,2025-10-14
24550,CE,45227,2025-10-20
24550,CE,47622,2025-09-23
24550,CE,52731,2025-11-25
24550,CE,58794,2025-10-28
24550,CE,60451,2025-09-30
24550,PE,38352,2025-10-07
24550,PE,42648,2025-10-14
24550,PE,45229,2025-10-20
24550,PE,47623,2025-09-23
24550,PE,52748,2025-11-25
24550,PE,58821,2025-10-28
24550,PE,60452,2025-09-30
24600,CE,38357,2025-10-07
24600,CE,42649,2025-10-14
24600,CE,45230,2025-10-20
24600,CE,47649,2025-09-23
24600,CE,52749,2025-11-25
24600,CE,58822,2025-10-28
24600,CE,60453,2025-09-30
24600,PE,38358,2025-10-07
24600,PE,42650,2025-10-14
24600,PE,45231,2025-10-20
24600,PE,47650,2025-09-23
24600,PE,52758,2025-11-25
24600,PE,58860,2025-10-28
24600,PE,60454,2025-09-30
24650,CE,38359,2025-10-07
24650,CE,42651,2025-10-14
24650,CE,45232,2025-10-20
24650,CE,47685,2025-09-23
24650,CE,52759,2025-11-25
24650,CE,58866,2025-10-28
24650,CE,60455,2025-09-30
24650,PE,38360,2025-10-07
24650,PE,42652,2025-10-14
24650,PE,45233,2025-10-20
24650,PE,47686,2025-09-23
24650,PE,52760,2025-11-25
24650,PE,58867,2025-10-28
24650,PE,60456,2025-09-30
24700,CE,38361,2025-10-07
24700,CE,42653,2025-10-14
24700,CE,45234,2025-10-20
24700,CE,47695,2025-09-23
24700,CE,52761,2025-11-25
24700,CE,58868,2025-10-28
24700,CE,60457,2025-09-30
24700,PE,38362,2025-10-07
24700,PE,42656,2025-10-14
24700,PE,45235,2025-10-20
24700,PE,47696,2025-09-23
24700,PE,52762,2025-11-25
24700,PE,58894,2025-10-28
24700,PE,60460,2025-09-30
24750,CE,38367,2025-10-07
24750,CE,42657,2025-10-14
24750,CE,45236,2025-10-20
24750,CE,47697,2025-09-23
24750,CE,52763,2025-11-25
24750,CE,58895,2025-10-28
24750,CE,60461,2025-09-30
24750,PE,38368,2025-10-07
24750,PE,42660,2025-10-14
24750,PE,45237,2025-10-20
24750,PE,47700,2025-09-23
24750,PE,52766,2025-11-25
24750,PE,58896,2025-10-28
24750,PE,60464,2025-09-30
24800,CE,38369,2025-10-07
24800,CE,42661,2025-10-14
24800,CE,45238,2025-10-20
24800,CE,47703,2025-09-23
24800,CE,52767,2025-11-25
24800,CE,58897,2025-10-28
24800,CE,60465,2025-09-30
24800,PE,38370,2025-10-07
24800,PE,42666,2025-10-14
24800,PE,45239,2025-10-20
24800,PE,47704,2025-09-23
24800,PE,52768,2025-11-25
24800,PE,58898,2025-10-28
24800,PE,60466,2025-09-30
24850,CE,38371,2025-10-07
24850,CE,42667,2025-10-14
24850,CE,45240,2025-10-20
24850,CE,47711,2025-09-23
24850,CE,52769,2025-11-25
24850,CE,58899,2025-10-28
24850,CE,60467,2025-09-30
24850,PE,38372,2025-10-07
24850,PE,42668,2025-10-14
24850,PE,45243,2025-10-20
24850,PE,47712,2025-09-23
24850,PE,52774,2025-11-25
24850,PE,58900,2025-10-28
24850,PE,60468,2025-09-30
24900,CE,38374,2025-10-07
24900,CE,42669,2025-10-14
24900,CE,45244,2025-10-20
24900,CE,47717,2025-09-23
24900,CE,52775,2025-11-25
24900,CE,58901,2025-10-28
24900,CE,60469,2025-09-30
24900,PE,38379,2025-10-07
24900,PE,42670,2025-10-14
24900,PE,45245,2025-10-20
24900,PE,47718,2025-09-23
24900,PE,52778,2025-11-25
24900,PE,58902,2025-10-28
24900,PE,60470,2025-09-30
24950,CE,38385,2025-10-07
24950,CE,42671,2025-10-14
24950,CE,45246,2025-10-20
24950,CE,47723,2025-09-23
24950,CE,52779,2025-11-25
24950,CE,58907,2025-10-28
24950,CE,60474,2025-09-30
24950,PE,38386,2025-10-07
24950,PE,42672,2025-10-14
24950,PE,45247,2025-10-20
24950,PE,47724,2025-09-23
24950,PE,52786,2025-11-25
24950,PE,58908,2025-10-28
24950,PE,60475,2025-09-30
25000,CE,38387,2025-10-07
25000,CE,42673,2025-10-14
25000,CE,45248,2025-10-20
25000,CE,47733,2025-09-23
25000,CE,52787,2025-11-25
25000,CE,58909,2025-10-28
25000,CE,64694,2025-09-30
25000,PE,38389,2025-10-07
25000,PE,42676,2025-10-14
25000,PE,45249,2025-10-20
25000,PE,47734,2025-09-23
25000,PE,52796,2025-11-25
25000,PE,58910,2025-10-28
25000,PE,64695,2025-09-30
25050,CE,38393,2025-10-07
25050,CE,42677,2025-10-14
25050,CE,45250,2025-10-20
25050,CE,47751,2025-09-23
25050,CE,52797,2025-11-25
25050,CE,58911,2025-10-28
25050,CE,60481,2025-09-30
25050,PE,38394,2025-10-07
25050,PE,42678,2025-10-14
25050,PE,45251,2025-10-20
25050,PE,47752,2025-09-23
25050,PE,52800,2025-11-25
25050,PE,58920,2025-10-28
25050,PE,60482,2025-09-30
25100,CE,38395,2025-10-07
25100,CE,42679,2025-10-14
25100,CE,45252,2025-10-20
25100,CE,47753,2025-09-23
25100,CE,52801,2025-11-25
25100,CE,58921,2025-10-28
25100,CE,60483,2025-09-30
25100,PE,38396,2025-10-07
25100,PE,42684,2025-10-14
25100,PE,45253,2025-10-20
25100,PE,47754,2025-09-23
25100,PE,52802,2025-11-25
25100,PE,58922,2025-10-28
25100,PE,60484,2025-09-30
25150,CE,38397,2025-10-07
25150,CE,42685,2025-10-14
25150,CE,45254,2025-10-20
25150,CE,47755,2025-09-23
25150,CE,52803,2025-11-25
25150,CE,58923,2025-10-28
25150,CE,60485,2025-09-30
25150,PE,38398,2025-10-07
25150,PE,42686,2025-10-14
25150,PE,45255,2025-10-20
25150,PE,47756,2025-09-23
25150,PE,52804,2025-11-25
25150,PE,58924,2025-10-28
25150,PE,60486,2025-09-30
25200,CE,38399,2025-10-07
25200,CE,42687,2025-10-14
25200,CE,45256,2025-10-20
25200,CE,47757,2025-09-23
25200,CE,52805,2025-11-25
25200,CE,58925,2025-10-28
25200,CE,60487,2025-09-30
25200,PE,38400,2025-10-07
25200,PE,42690,2025-10-14
25200,PE,45257,2025-10-20
25200,PE,47758,2025-09-23
25200,PE,52812,2025-11-25
25200,PE,58926,2025-10-28
25200,PE,60488,2025-09-30
25250,CE,38401,2025-10-07
25250,CE,42691,2025-10-14
25250,CE,45258,2025-10-20
25250,CE,47759,2025-09-23
25250,CE,52813,2025-11-25
25250,CE,58927,2025-10-28
25250,CE,60489,2025-09-30
25250,PE,38402,2025-10-07
25250,PE,42692,2025-10-14
25250,PE,45259,2025-10-20
25250,PE,47760,2025-09-23
25250,PE,52828,2025-11-25
25250,PE,58928,2025-10-28
25250,PE,60490,2025-09-30
25300,CE,38403,2025-10-07
25300,CE,42693,2025-10-14
25300,CE,45260,2025-10-20
25300,CE,47761,2025-09-23
25300,CE,52829,2025-11-25
25300,CE,58929,2025-10-28
25300,CE,60491,2025-09-30
25300,PE,38404,2025-10-07
25300,PE,42694,2025-10-14
25300,PE,45261,2025-10-20
25300,PE,47762,2025-09-23
25300,PE,52830,2025-11-25
25300,PE,58930,2025-10-28
25300,PE,60492,2025-09-30
25350,CE,38407,2025-10-07
25350,CE,42695,2025-10-14
25350,CE,45262,2025-10-20
25350,CE,47763,2025-09-23
25350,CE,52831,2025-11-25
25350,CE,58931,2025-10-28
25350,CE,60493,2025-09-30
25350,PE,38408,2025-10-07
25350,PE,42702,2025-10-14
25350,PE,45263,2025-10-20
25350,PE,47764,2025-09-23
25350,PE,52838,2025-11-25
25350,PE,58932,2025-10-28
25350,PE,60494,2025-09-30
25400,CE,38409,2025-10-07
25400,CE,42703,2025-10-14
25400,CE,45264,2025-10-20
25400,CE,47765,2025-09-23
25400,CE,52839,2025-11-25
25400,CE,58934,2025-10-28
25400,CE,60495,2025-09-30
25400,PE,38410,2025-10-07
25400,PE,42704,2025-10-14
25400,PE,45265,2025-10-20
25400,PE,47766,2025-09-23
25400,PE,52848,2025-11-25
25400,PE,58935,2025-10-28
25400,PE,60496,2025-09-30
25450,CE,38411,2025-10-07
25450,CE,42705,2025-10-14
25450,CE,45266,2025-10-20
25450,CE,47773,2025-09-23
25450,CE,52849,2025-11-25
25450,CE,58936,2025-10-28
25450,CE,60497,2025-09-30
25450,PE,38412,2025-10-07
25450,PE,42706,2025-10-14
25450,PE,45267,2025-10-20
25450,PE,47774,2025-09-23
25450,PE,52850,2025-11-25
25450,PE,58937,2025-10-28
25450,PE,60498,2025-09-30
25500,CE,38413,2025-10-07
25500,CE,42707,2025-10-14
25500,CE,45268,2025-10-20
25500,CE,47777,2025-09-23
25500,CE,52851,2025-11-25
25500,CE,58938,2025-10-28
25500,CE,60499,2025-09-30
25500,PE,38414,2025-10-07
25500,PE,42709,2025-10-14
25500,PE,45269,2025-10-20
25500,PE,47778,2025-09-23
25500,PE,52854,2025-11-25
25500,PE,58939,2025-10-28
25500,PE,60500,2025-09-30
25550,CE,38415,2025-10-07
25550,CE,42711,2025-10-14
25550,CE,45270,2025-10-20
25550,CE,47779,2025-09-23
25550,CE,52855,2025-11-25
25550,CE,58946,2025-10-28
25550,CE,60501,2025-09-30
25550,PE,38416,2025-10-07
25550,PE,42712,2025-10-14
25550,PE,45271,2025-10-20
25550,PE,47780,2025-09-23
25550,PE,52856,2025-11-25
25550,PE,58949,2025-10-28
25550,PE,60502,2025-09-30
25600,CE,38417,2025-10-07
25600,CE,42713,2025-10-14
25600,CE,45272,2025-10-20
25600,CE,47781,2025-09-23
25600,CE,52857,2025-11-25
25600,CE,58951,2025-10-28
25600,CE,60503,2025-09-30
25600,PE,38418,2025-10-07
25600,PE,42714,2025-10-14
25600,PE,45275,2025-10-20
25600,PE,47782,2025-09-23
25600,PE,52858,2025-11-25
25600,PE,58952,2025-10-28
25600,PE,60504,2025-09-30
25650,CE,38419,2025-10-07
25650,CE,42715,2025-10-14
25650,CE,45276,2025-10-20
25650,CE,47787,2025-09-23
25650,CE,52859,2025-11-25
25650,CE,58953,2025-10-28
25650,CE,60505,2025-09-30
25650,PE,38420,2025-10-07
25650,PE,42716,2025-10-14
25650,PE,45277,2025-10-20
25650,PE,47788,2025-09-23
25650,PE,52860,2025-11-25
25650,PE,58954,2025-10-28
25650,PE,60506,2025-09-30
25700,CE,38421,2025-10-07
25700,CE,42717,2025-10-14
25700,CE,45278,2025-10-20
25700,CE,47793,2025-09-23
25700,CE,52861,2025-11-25
25700,CE,58956,2025-10-28
25700,CE,60508,2025-09-30
25700,PE,38422,2025-10-07
25700,PE,42718,2025-10-14
25700,PE,45279,2025-10-20
25700,PE,47794,2025-09-23
25700,PE,52876,2025-11-25
25700,PE,58959,2025-10-28
25700,PE,60509,2025-09-30
25750,CE,38424,2025-10-07
25750,CE,42719,2025-10-14
25750,CE,45280,2025-10-20
25750,CE,47797,2025-09-23
25750,CE,52877,2025-11-25
25750,CE,58960,2025-10-28
25750,CE,60510,2025-09-30
25750,PE,38429,2025-10-07
25750,PE,42720,2025-10-14
25750,PE,45281,2025-10-20
25750,PE,47798,2025-09-23
25750,PE,52880,2025-11-25
25750,PE,58962,2025-10-28
25750,PE,60511,2025-09-30
25800,CE,38430,2025-10-07
25800,CE,42721,2025-10-14
25800,CE,45282,2025-10-20
25800,CE,47803,2025-09-23
25800,CE,52881,2025-11-25
25800,CE,58963,2025-10-28
25800,CE,60512,2025-09-30
25800,PE,38431,2025-10-07
25800,PE,42722,2025-10-14
25800,PE,45283,2025-10-20
25800,PE,47804,2025-09-23
25800,PE,52888,2025-11-25
25800,PE,58965,2025-10-28
25800,PE,60513,2025-09-30
25850,CE,38433,2025-10-07
25850,CE,42723,2025-10-14
25850,CE,45284,2025-10-20
25850,CE,47805,2025-09-23
25850,CE,52889,2025-11-25
25850,CE,58970,2025-10-28
25850,CE,60514,2025-09-30
25850,PE,38434,2025-10-07
25850,PE,42724,2025-10-14
25850,PE,45285,2025-10-20
25850,PE,47812,2025-09-23
25850,PE,52896,2025-11-25
25850,PE,58973,2025-10-28
25850,PE,60515,2025-09-30
25900,CE,38437,2025-10-07
25900,CE,42725,2025-10-14
25900,CE,45286,2025-10-20
25900,CE,47813,2025-09-23
25900,CE,52897,2025-11-25
25900,CE,58974,2025-10-28
25900,CE,60516,2025-09-30
25900,PE,38438,2025-10-07
25900,PE,42730,2025-10-14
25900,PE,45287,2025-10-20
25900,PE,47814,2025-09-23
25900,PE,52898,2025-11-25
25900,PE,58997,2025-10-28
25900,PE,60517,2025-09-30
25950,CE,38439,2025-10-07
25950,CE,42731,2025-10-14
25950,CE,45288,2025-10-20
25950,CE,47815,2025-09-23
25950,CE,52899,2025-11-25
25950,CE,58998,2025-10-28
25950,CE,60518,2025-09-30
25950,PE,38440,2025-10-07
25950,PE,42732,2025-10-14
25950,PE,45289,2025-10-20
25950,PE,47816,2025-09-23
25950,PE,52910,2025-11-25
25950,PE,59003,2025-10-28
25950,PE,60547,2025-09-30
26000,CE,38441,2025-10-07
26000,CE,42733,2025-10-14
26000,CE,45290,2025-10-20
26000,CE,47821,2025-09-23
26000,CE,52911,2025-11-25
26000,CE,59004,2025-10-28
26000,CE,64696,2025-09-30
26000,PE,38444,2025-10-07
26000,PE,42734,2025-10-14
26000,PE,45291,2025-10-20
26000,PE,47822,2025-09-23
26000,PE,52931,2025-11-25
26000,PE,59005,2025-10-28
26000,PE,64697,2025-09-30
26050,CE,38447,2025-10-07
26050,CE,42735,2025-10-14
26050,CE,45292,2025-10-20
26050,CE,47833,2025-09-23
26050,CE,52932,2025-11-25
26050,CE,59010,2025-10-28
26050,CE,60548,2025-09-30
26050,PE,38448,2025-10-07
26050,PE,42738,2025-10-14
26050,PE,45293,2025-10-20
26050,PE,47834,2025-09-23
26050,PE,52951,2025-11-25
26050,PE,59011,2025-10-28
26050,PE,60551,2025-09-30
26100,CE,38449,2025-10-07
26100,CE,42739,2025-10-14
26100,CE,45294,2025-10-20
26100,CE,47836,2025-09-23
26100,CE,52952,2025-11-25
26100,CE,59022,2025-10-28
26100,CE,60552,2025-09-30
26100,PE,38450,2025-10-07
26100,PE,42740,2025-10-14
26100,PE,45295,2025-10-20
26100,PE,47837,2025-09-23
26100,PE,52978,2025-11-25
26100,PE,59023,2025-10-28
26100,PE,60553,2025-09-30
26150,CE,38451,2025-10-07
26150,CE,42741,2025-10-14
26150,CE,45296,2025-10-20
26150,CE,47839,2025-09-23
26150,CE,52979,2025-11-25
26150,CE,59026,2025-10-28
26150,CE,60554,2025-09-30
26150,PE,38452,2025-10-07
26150,PE,42742,2025-10-14
26150,PE,45297,2025-10-20
26150,PE,47840,2025-09-23
26150,PE,53003,2025-11-25
26150,PE,59027,2025-10-28
26150,PE,60565,2025-09-30
26200,CE,38453,2025-10-07
26200,CE,42743,2025-10-14
26200,CE,45298,2025-10-20
26200,CE,47841,2025-09-23
26200,CE,53023,2025-11-25
26200,CE,59033,2025-10-28
26200,CE,60566,2025-09-30
26200,PE,38454,2025-10-07
26200,PE,42744,2025-10-14
26200,PE,45301,2025-10-20
26200,PE,47842,2025-09-23
26200,PE,53024,2025-11-25
26200,PE,59034,2025-10-28
26200,PE,60573,2025-09-30
26250,CE,38455,2025-10-07
26250,CE,42745,2025-10-14
26250,CE,45302,2025-10-20
26250,CE,47843,2025-09-23
26250,CE,53025,2025-11-25
26250,CE,59037,2025-10-28
26250,CE,60574,2025-09-30
26250,PE,38456,2025-10-07
26250,PE,42748,2025-10-14
26250,PE,45303,2025-10-20
26250,PE,47844,2025-09-23
26250,PE,53026,2025-11-25
26250,PE,59038,2025-10-28
26250,PE,60575,2025-09-30
26300,CE,38457,2025-10-07
26300,CE,42749,2025-10-14
26300,CE,45304,2025-10-20
26300,CE,47849,2025-09-23
26300,CE,53027,2025-11-25
26300,CE,59039,2025-10-28
26300,CE,60576,2025-09-30
26300,PE,38458,2025-10-07
26300,PE,42752,2025-10-14
26300,PE,45305,2025-10-20
26300,PE,47850,2025-09-23
26300,PE,53053,2025-11-25
26300,PE,59040,2025-10-28
26300,PE,60582,2025-09-30
26350,CE,38459,2025-10-07
26350,CE,42753,2025-10-14
26350,CE,45306,2025-10-20
26350,CE,47851,2025-09-23
26350,CE,53054,2025-11-25
26350,CE,59041,2025-10-28
26350,CE,60583,2025-09-30
26350,PE,38460,2025-10-07
26350,PE,42754,2025-10-14
26350,PE,45307,2025-10-20
26350,PE,47852,2025-09-23
26350,PE,53183,2025-11-25
26350,PE,59042,2025-10-28
26350,PE,60584,2025-09-30
26400,CE,38461,2025-10-07
26400,CE,42755,2025-10-14
26400,CE,45308,2025-10-20
26400,CE,47853,2025-09-23
26400,CE,53184,2025-11-25
26400,CE,59044,2025-10-28
26400,CE,60585,2025-09-30
26400,PE,38462,2025-10-07
26400,PE,42756,2025-10-14
26400,PE,45309,2025-10-20
26400,PE,47854,2025-09-23
26400,PE,53197,2025-11-25
26400,PE,59045,2025-10-28
26400,PE,60586,2025-09-30
26450,CE,38463,2025-10-07
26450,CE,42757,2025-10-14
26450,CE,45310,2025-10-20
26450,CE,47855,2025-09-23
26450,CE,53198,2025-11-25
26450,CE,59046,2025-10-28
26450,CE,60587,2025-09-30
26450,PE,38464,2025-10-07
26450,PE,42758,2025-10-14
26450,PE,45311,2025-10-20
26450,PE,47856,2025-09-23
26450,PE,53213,2025-11-25
26450,PE,59047,2025-10-28
26450,PE,60588,2025-09-30
26500,CE,38465,2025-10-07
26500,CE,42759,2025-10-14
26500,CE,45312,2025-10-20
26500,CE,47857,2025-09-23
26500,CE,53214,2025-11-25
26500,CE,59054,2025-10-28
26500,CE,60589,2025-09-30
26500,PE,38466,2025-10-07
26500,PE,42760,2025-10-14
26500,PE,45313,2025-10-20
26500,PE,47858,2025-09-23
26500,PE,53215,2025-11-25
26500,PE,59055,2025-10-28
26500,PE,60590,2025-09-30
26550,CE,38470,2025-10-07
26550,CE,42761,2025-10-14
26550,CE,45314,2025-10-20
26550,CE,47859,2025-09-23
26550,CE,53216,2025-11-25
26550,CE,59058,2025-10-28
26550,CE,60591,2025-09-30
26550,PE,38471,2025-10-07
26550,PE,42762,2025-10-14
26550,PE,45315,2025-10-20
26550,PE,47860,2025-09-23
26550,PE,53217,2025-11-25
26550,PE,59059,2025-10-28
26550,PE,60592,2025-09-30
26600,CE,38472,2025-10-07
26600,CE,42763,2025-10-14
26600,CE,45316,2025-10-20
26600,CE,47866,2025-09-23
26600,CE,53218,2025-11-25
26600,CE,59088,2025-10-28
26600,CE,60593,2025-09-30
26600,PE,38473,2025-10-07
26600,PE,42766,2025-10-14
26600,PE,45317,2025-10-20
26600,PE,47867,2025-09-23
26600,PE,53219,2025-11-25
26600,PE,59089,2025-10-28
26600,PE,60594,2025-09-30
26650,CE,38479,2025-10-07
26650,CE,42767,2025-10-14
26650,CE,45318,2025-10-20
26650,CE,47869,2025-09-23
26650,CE,53220,2025-11-25
26650,CE,59092,2025-10-28
26650,CE,60595,2025-09-30
26650,PE,38480,2025-10-07
26650,PE,42768,2025-10-14
26650,PE,45319,2025-10-20
26650,PE,47870,2025-09-23
26650,PE,53221,2025-11-25
26650,PE,59093,2025-10-28
26650,PE,60596,2025-09-30
26700,CE,38481,2025-10-07
26700,CE,42769,2025-10-14
26700,CE,45320,2025-10-20
26700,CE,47871,2025-09-23
26700,CE,53222,2025-11-25
26700,CE,59099,2025-10-28
26700,CE,60597,2025-09-30
26700,PE,38482,2025-10-07
26700,PE,42770,2025-10-14
26700,PE,45321,2025-10-20
26700,PE,47872,2025-09-23
26700,PE,53223,2025-11-25
26700,PE,59100,2025-10-28
26700,PE,60598,2025-09-30
26750,CE,38483,2025-10-07
26750,CE,42771,2025-10-14
26750,CE,45322,2025-10-20
26750,CE,47874,2025-09-23
26750,CE,53224,2025-11-25
26750,CE,59101,2025-10-28
26750,CE,60599,2025-09-30
26750,PE,38484,2025-10-07
26750,PE,42772,2025-10-14
26750,PE,45323,2025-10-20
26750,PE,47875,2025-09-23
26750,PE,53225,2025-11-25
26750,PE,59102,2025-10-28
26750,PE,60600,2025-09-30
26800,CE,38495,2025-10-07
26800,CE,42773,2025-10-14
26800,CE,45324,2025-10-20
26800,CE,47879,2025-09-23
26800,CE,53226,2025-11-25
26800,CE,59103,2025-10-28
26800,CE,60601,2025-09-30
26800,PE,38496,2025-10-07
26800,PE,42774,2025-10-14
26800,PE,45325,2025-10-20
26800,PE,47880,2025-09-23
26800,PE,53227,2025-11-25
26800,PE,59104,2025-10-28
26800,PE,60602,2025-09-30
26850,CE,38497,2025-10-07
26850,CE,42775,2025-10-14
26850,CE,45326,2025-10-20
26850,CE,47881,2025-09-23
26850,CE,53228,2025-11-25
26850,CE,59105,2025-10-28
26850,CE,60603,2025-09-30
26850,PE,38498,2025-10-07
26850,PE,42776,2025-10-14
26850,PE,45327,2025-10-20
26850,PE,47882,2025-09-23
26850,PE,53229,2025-11-25
26850,PE,59106,2025-10-28
26850,PE,60604,2025-09-30
26900,CE,38501,2025-10-07
26900,CE,42777,2025-10-14
26900,CE,45328,2025-10-20
26900,CE,47883,2025-09-23
26900,CE,53235,2025-11-25
26900,CE,59107,2025-10-28
26900,CE,60605,2025-09-30
26900,PE,38502,2025-10-07
26900,PE,42780,2025-10-14
26900,PE,45329,2025-10-20
26900,PE,47884,2025-09-23
26900,PE,53236,2025-11-25
26900,PE,59108,2025-10-28
26900,PE,60606,2025-09-30
26950,CE,38503,2025-10-07
26950,CE,42781,2025-10-14
26950,CE,45330,2025-10-20
26950,CE,47885,2025-09-23
26950,CE,53240,2025-11-25
26950,CE,59109,2025-10-28
26950,CE,60607,2025-09-30
26950,PE,38504,2025-10-07
26950,PE,42782,2025-10-14
26950,PE,45331,2025-10-20
26950,PE,47886,2025-09-23
26950,PE,53241,2025-11-25
26950,PE,59110,2025-10-28
26950,PE,60608,2025-09-30
27000,CE,38505,2025-10-07
27000,CE,42783,2025-10-14
27000,CE,45332,2025-10-20
27000,CE,47887,2025-09-23
27000,CE,53244,2025-11-25
27000,CE,59111,2025-10-28
27000,CE,64698,2025-09-30
27000,PE,38506,2025-10-07
27000,PE,42784,2025-10-14
27000,PE,45333,2025-10-20
27000,PE,47888,2025-09-23
27000,PE,53245,2025-11-25
27000,PE,59112,2025-10-28
27000,PE,64699,2025-09-30
27050,CE,38507,2025-10-07
27050,CE,42785,2025-10-14
27050,CE,45334,2025-10-20
27050,CE,47889,2025-09-23
27050,CE,53246,2025-11-25
27050,CE,59113,2025-10-28
27050,CE,60609,2025-09-30
27050,PE,38512,2025-10-07
27050,PE,42786,2025-10-14
27050,PE,45335,2025-10-20
27050,PE,47890,2025-09-23
27050,PE,53247,2025-11-25
27050,PE,59114,2025-10-28
27050,PE,60610,2025-09-30
27100,CE,38514,2025-10-07
27100,CE,42787,2025-10-14
27100,CE,45336,2025-10-20
27100,CE,47891,2025-09-23
27100,CE,53248,2025-11-25
27100,CE,59115,2025-10-28
27100,CE,60611,2025-09-30
27100,PE,38521,2025-10-07
27100,PE,42792,2025-10-14
27100,PE,45337,2025-10-20
27100,PE,47898,2025-09-23
27100,PE,53249,2025-11-25
27100,PE,59116,2025-10-28
27100,PE,60612,2025-09-30
27150,CE,38528,2025-10-07
27150,CE,42793,2025-10-14
27150,CE,45338,2025-10-20
27150,CE,47899,2025-09-23
27150,CE,53250,2025-11-25
27150,CE,59117,2025-10-28
27150,CE,60613,2025-09-30
27150,PE,38529,2025-10-07
27150,PE,42796,2025-10-14
27150,PE,45339,2025-10-20
27150,PE,47900,2025-09-23
27150,PE,53251,2025-11-25
27150,PE,59118,2025-10-28
27150,PE,60614,2025-09-30
27200,CE,60615,2025-09-30
27200,PE,60618,2025-09-30
27250,CE,60619,2025-09-30
27250,PE,60620,2025-09-30
27300,CE,60621,2025-09-30
27300,PE,60622,2025-09-30
27350,CE,60623,2025-09-30
27350,PE,60624,2025-09-30
27400,CE,60625,2025-09-30
27400,PE,60626,2025-09-30
28000,CE,64700,2025-09-30
28000,PE,64701,2025-09-30
29000,CE,64702,2025-09-30
29000,PE,64703,2025-09-30
30000,CE,64704,2025-09-30
30000,PE,64705,2025-09-30
